Data,Lancamentos_Reais,Previsao_IA,Previsao_Minima,Previsao_Maxima
1957-10-01,1.0,4.250573479227876,1.0762462076341217,7.3660162400559015
1957-11-01,1.0,3.205378655039899,0.1908755087862719,6.520724996509121
1957-12-01,1.0,4.927070555257506,1.837057182621058,8.278439934331981
1958-01-01,6.0,4.4307711518673845,1.3063952453539198,7.519821738966787
1958-02-01,2.0,3.510832041779553,0.12597060376927965,6.297072747229516
1958-03-01,3.0,3.6976926534131995,0.4920432628467544,6.72730422103512
1958-04-01,2.0,4.26328666366995,1.3225649997974693,7.645107085552955
1958-05-01,2.0,3.5231240842369442,0.30401278796642595,6.653443868986691
1958-06-01,1.0,4.432538455910872,1.289323432476759,7.359674347161397
1958-07-01,1.0,3.7596396510936696,0.6706595180491347,6.886238316689381
1958-08-01,2.0,3.966336312302118,0.7185789531193013,6.9951487990076435
1958-09-01,2.0,4.131426187839067,0.857612611470607,7.646734852338654
1958-10-01,3.0,4.402145743877935,1.1856884552376017,7.741961077007481
1958-11-01,1.0,3.70163398742219,0.29043944671441757,7.025243562933137
1958-12-01,3.0,5.556540304448893,2.5428857869519246,9.015365718569065
1959-01-01,1.0,4.69135073138875,1.237663631085131,7.860573294222878
1959-02-01,2.0,3.497630846082013,0.4844984481134361,6.658228190860669
1959-04-01,2.0,5.002611894175819,1.8878962574837106,8.141129746121692
1959-06-01,4.0,4.745356624782666,1.591708057123634,7.762185309873496
1959-08-01,3.0,4.175972027181227,1.1004700641388658,7.255569759939652
1959-09-01,4.0,4.536929590742179,1.1014630431238461,7.668121855329845
1959-10-01,1.0,4.557673316863561,1.4274978188560257,7.5968719639361435
1959-11-01,3.0,4.204322829152013,1.0236119364625786,7.368727288204847
1960-01-01,1.0,4.940228114706799,1.6935052005015823,8.124627412891682
1960-02-01,3.0,3.4808653341160563,0.3317071852665545,6.751618806343558
1960-03-01,1.0,4.837000007429768,1.4319044605957094,8.062281119708556
1960-04-01,4.0,4.071083266273677,0.9038737128046498,7.262710489818508
1960-05-01,3.0,3.7282927674182584,0.7751860458927093,6.862007366532821
1960-06-01,2.0,5.039793541825312,1.928409463746972,8.445548603163301
1960-07-01,2.0,4.904906615389454,1.6456652588014142,8.258672983119428
1960-08-01,5.0,4.820832599394437,1.521243583762882,8.022775582299861
1960-09-01,2.0,4.587886965853012,1.4737998369567762,7.957781225060449
1960-10-01,5.0,5.363873571472931,2.3069780576211603,8.50927706468694
1960-11-01,4.0,3.9768557948333934,0.7925187578919523,7.203846616370224
1960-12-01,7.0,5.552721891871181,2.2502947840255594,8.920667657092386
1961-01-01,2.0,5.419417568111494,2.096925482058923,8.513380101027494
1961-02-01,7.0,4.780989314119401,1.6024374761898381,7.8498971173667424
1961-03-01,5.0,4.89178480494935,1.8218929904204342,8.223127633972416
1961-04-01,3.0,4.793294720282213,1.7873487423366066,7.875316897763453
1961-05-01,1.0,4.25897053718524,1.0236248166639315,7.500936019937761
1961-06-01,4.0,5.371354932620153,2.2033436632717622,8.498762414175658
1961-07-01,5.0,4.964276888775707,1.72143342802675,8.296801810937911
1961-08-01,6.0,5.022035163168635,1.7947178239513772,7.919986079146737
1961-09-01,4.0,4.989085848217632,1.969216556964265,8.20805411173818
1961-10-01,4.0,5.511590833029256,2.0915762406161367,8.517469501730483
1961-11-01,7.0,4.466396008915,0.9930138865656764,7.584844243433156
1961-12-01,4.0,6.1880879092031345,3.2090593469011646,9.492074213137764
1962-01-01,4.0,5.691788505885972,2.331699639551328,8.842316134023202
1962-02-01,4.0,4.771849395871495,1.6929978005983772,7.890242935076125
1962-03-01,3.0,4.958710007432657,1.9730789327842884,8.321875120916609
1962-04-01,10.0,5.5243040176099125,2.2340216107502933,8.85415982305842
1962-05-01,6.0,4.784141438098519,1.5296536487434103,8.127724782741591
1962-06-01,8.0,5.693555809692343,2.3556596415372315,8.623100730391087
1962-07-01,6.0,5.020657004798037,1.781270967426791,8.269360362445688
1962-08-01,9.0,5.227353665926603,2.108276365994641,8.357921532501221
1962-09-01,8.0,5.392443541382848,2.1781768717541397,8.86144928829642
1962-10-01,11.0,5.663163097344109,2.5186621737593216,8.980694830890151
1962-11-01,5.0,4.962651340807791,1.9166886389222937,8.234867776912322
1962-12-01,8.0,6.8175576577577095,3.7860370100743324,10.032595094207464
1963-01-01,4.0,5.952368084617191,2.9156008960196425,9.068356568314536
1963-02-01,2.0,4.758648199230627,1.6969727153146115,7.978381587472928
1963-03-01,1.0,5.038023295024307,1.8450156441146268,8.247881447012887
1963-04-01,6.0,6.2636292471715,2.990460293320268,9.49858101777015
1963-05-01,4.0,5.303426086743482,2.206293587230971,8.535033329450892
1963-06-01,4.0,6.00637397762074,2.7056779179262462,9.369950931832905
1963-07-01,3.0,5.074399467214906,1.947944583064243,8.315919826938247
1963-08-01,2.0,5.436989379862446,2.144658187333619,8.55376908178183
1963-09-01,2.0,5.797946943342849,2.713298609579558,9.011649036916735
1963-10-01,4.0,5.8186906693865605,2.5445898623903664,9.025431019347254
1963-11-01,5.0,5.465340181595183,2.3161330353052776,8.929178454717128
1963-12-01,4.0,7.440718546447991,4.2962300900797254,10.701662388906328
1964-01-01,7.0,6.201245466991941,3.056202438216604,9.268026134985794
1964-02-01,3.0,4.741882686321016,1.4349722193295709,7.740921637827013
1964-03-01,4.0,6.0980173594008384,2.979126157282588,9.229102221425542
1964-04-01,7.0,5.3321006179952946,2.2485765024318813,8.481190385817202
1964-05-01,3.0,4.989310118898093,1.6862743396700395,8.388185301863237
1964-06-01,5.0,6.300810893054813,3.1625337853425233,9.515532892219504
1964-07-01,6.0,6.165923966377464,3.049472521355432,9.384894833617368
1964-08-01,6.0,6.081849950132015,2.9557768476660504,9.358007742719014
1964-09-01,6.0,5.848904316340844,2.67451675078375,8.948997928165856
1964-10-01,6.0,6.624890921718727,3.3680204928057385,9.816642085248347
1964-11-01,3.0,5.237873144829514,2.0962083132899307,8.309930952088797
1964-12-01,4.0,6.8137392416255,3.493400950965399,9.983606718211805
1965-01-01,6.0,6.680434917615828,3.489324097361185,9.65599667941959
1965-02-01,8.0,6.042006663373335,2.868914244887623,9.141677776366771
1965-03-01,9.0,6.1528021539777775,2.972467831818736,9.230614440894817
1965-04-01,5.0,6.054312069061429,2.922180394820741,9.311007568841989
1965-05-01,7.0,5.519987885721806,2.4705861978627683,8.550752683672107
1965-06-01,6.0,6.632372280907126,3.5859621508253756,9.995726984883749
1965-07-01,9.0,6.225294236820693,3.004478855283113,9.539640969964703
1965-08-01,6.0,6.283052510963435,3.080311066402766,9.396387043787607
1965-09-01,5.0,6.250103195762597,3.266947889475474,9.423313722783043
1965-10-01,8.0,6.77260818033238,3.7684390053322847,9.705629208336111
1965-11-01,9.0,5.727413355967886,2.5527257356522997,9.085386387893172
1965-12-01,9.0,7.449105256014354,4.307469943674183,10.65539968125107
1966-01-01,8.0,6.952805852447427,3.773248609025913,10.21945214354236
1966-02-01,7.0,6.032866742182517,2.6837650306030256,9.36728684255933
1966-03-01,9.0,6.219727284086974,2.994304226743144,9.526411076866236
1966-04-01,7.0,6.7853212171434505,3.6075300616520067,10.094074161356502
1966-05-01,8.0,6.045158563000152,2.8205570622914924,9.41440479731613
1966-06-01,9.0,6.954572857473504,3.994172720241238,10.04603583430948
1966-07-01,11.0,6.281673977946264,3.153163821228344,9.520388395920659
1966-08-01,8.0,6.488370561954621,3.212968619516559,9.649570894738956
1966-09-01,7.0,6.653460360290625,3.5461103093590696,9.803188602143974
1966-10-01,7.0,6.924179841619177,3.653875202988858,10.107131306593702
1966-11-01,10.0,6.223668007962857,3.075482997172376,9.49645453459226
1966-12-01,10.0,8.078574250279464,5.0260175787631285,11.407508856991148
1967-01-01,8.0,7.2133846000189825,4.083731170610504,10.494226539559191
1967-02-01,10.0,6.0196646375118545,2.8864118797991067,9.319466093955484
1967-03-01,9.0,6.299039663648698,3.0140470746904757,9.641377764691528
1967-04-01,9.0,7.524645538675144,4.469121061183648,10.942091162935924
1967-05-01,8.0,6.564442303614678,3.2864803919530905,9.927136490744207
1967-06-01,11.0,7.267390117371846,4.225769482841708,10.599346833948879
1967-07-01,7.0,6.335415532333374,3.299529272190072,9.661416965020543
1967-08-01,6.0,6.698005367860252,3.511396823689925,9.846673629138612
1967-09-01,11.0,7.058962854220582,3.749297575953273,10.19884478825639
1967-10-01,13.0,7.079706505631611,3.891335349720596,10.13357504172795
1967-11-01,8.0,6.726355940719545,3.5260144294557696,9.846695638151802
1967-12-01,6.0,8.701734230940147,5.423256117023001,11.927234027852682
1968-01-01,8.0,7.462261074363586,4.302958856352158,10.628145260084581
1968-02-01,4.0,6.002898216572347,2.774154400697091,9.216392889448064
1968-03-01,9.0,7.354531263066926,4.262607194592442,10.451506678456132
1968-04-01,16.0,6.5838024380701725,3.269447646881893,9.492571338949414
1968-05-01,3.0,6.23635508388512,3.0291958180029206,9.341814282434395
1968-06-01,10.0,7.543043774450545,4.346161281336227,10.677192102266064
1968-07-01,7.0,7.40349999268523,4.333784623808788,10.494719733635497
1968-08-01,9.0,7.314613892849083,4.241969512735031,10.740490146644266
1968-09-01,7.0,7.07685617546662,3.8666840808162597,10.296518908879529
1968-10-01,12.0,7.848185925756295,4.650251140322432,10.743041386017742
1968-11-01,9.0,6.456356065276264,3.0228381793618286,9.529015228955867
1968-12-01,9.0,8.027565306984181,4.956423068347779,11.37466087317492
1969-01-01,11.0,7.889448899383226,4.626794243563288,11.136584828797943
1969-02-01,8.0,7.246208561549903,4.108987486959564,10.291245297727263
1969-03-01,14.0,7.3526576540719155,3.8721916023091807,10.558996978358971
1969-04-01,9.0,7.249355485564785,4.051438060685101,10.386920892325204
1969-05-01,6.0,6.710374447136982,3.93335508215747,9.969822009301822
1969-06-01,7.0,7.817946758731162,4.468484683426909,10.869976578752999
1969-07-01,7.0,7.406211859556381,4.087829262645265,10.570233026235082
1969-08-01,9.0,7.4591580501080825,4.164703926749296,10.601583689952054
1969-09-01,5.0,7.421396651316471,4.14184667022229,10.565852895798374
1969-10-01,12.0,7.939244780798072,4.8171720021946784,11.215555499662589
1969-11-01,8.0,6.889237872842616,3.7799280494757563,10.187462127488908
1969-12-01,7.0,8.606272917800933,5.507360946119342,11.985136425641363
1970-01-01,8.0,8.10516143064299,5.062123002792586,11.30195210778967
1970-02-01,5.0,7.180410236787097,4.052675040653582,10.314905362900905
1970-03-01,6.0,7.351995682457925,3.976576369483906,10.497665481884576
1970-04-01,13.0,7.900677901827268,4.767430501674939,11.31692700303011
1970-05-01,3.0,7.144149073147894,4.068372177892588,10.23600685192741
1970-06-01,13.0,8.036651653934172,4.633545417122483,11.278112944660297
1970-07-01,5.0,7.347386599870965,4.253680740747753,10.743133024999803
1970-08-01,9.0,7.537171470192298,4.371465839280892,10.486204665502509
1970-09-01,9.0,7.685349554841031,4.3322550491117555,11.016040804329563
1970-10-01,15.0,7.939702861633631,4.712766381582988,11.062566527219731
1970-11-01,8.0,7.222279314290212,4.086581641547794,10.519590927373134
1970-12-01,13.0,9.06081938207095,5.942597736079984,12.051384247012956
1971-01-01,11.0,8.178718018123238,5.041446772456744,11.391791861427109
1971-02-01,7.0,6.968086341928872,3.8533197154883227,10.263774824639393
1971-03-01,9.0,7.23218627183226,4.047507957451026,10.30370201706108
1971-04-01,13.0,8.440880433171747,5.517535950320538,11.740742372411113
1971-05-01,14.0,7.464311023575193,4.236961057058774,10.739407827878281
1971-06-01,7.0,8.150347123645197,5.006179323687572,11.368906546619167
1971-07-01,8.0,7.202006364070584,4.0842653253923125,10.277487230765589
1971-08-01,7.0,7.547684485910484,4.513166858737498,10.744596002361053
1971-09-01,10.0,7.89173025858368,4.80836510767931,11.379938454244739
1971-10-01,6.0,7.896107735458723,5.008372090002193,11.12007329582243
1971-11-01,11.0,7.525845456859511,4.258757080453628,10.625238606675365
1971-12-01,16.0,9.484857572544279,6.176016626448701,12.544915587569383
1972-01-01,7.0,8.228472702280468,5.057089135744363,11.523477441264808
1972-02-01,6.0,6.752198130801868,3.54510165292272,10.053872427383618
1972-03-01,12.0,8.080097355304364,4.9158323958772945,11.315846483838342
1972-04-01,8.0,7.283997893005994,4.1029836406372,10.367417223930092
1972-05-01,6.0,6.911998309173763,3.6283282817876685,10.255208145409517
1972-06-01,7.0,8.193316362437237,4.864647219000045,11.45710079190183
1972-07-01,10.0,8.029220351024652,4.76869191496714,11.449821885690843
1972-08-01,9.0,7.914963613886677,4.633576915976208,11.138657714294759
1972-09-01,7.0,7.6518352592022785,4.4369046542580275,10.847191457043499
1972-10-01,11.0,8.398612779844873,5.161941444572921,11.55282958033531
1972-11-01,6.0,6.981412282062968,3.8497379700660628,10.150079486174514
1972-12-01,10.0,8.528069294123828,5.370463952673837,11.818524130866532
1973-01-01,8.0,8.364582249220831,5.260484918404206,11.539610744709803
1973-02-01,4.0,7.6959712740854815,4.37344643375231,11.155864176852495
1973-03-01,6.0,7.779504952270259,4.743099420222473,10.95358153951874
1973-04-01,8.0,7.650832146461354,4.229716200246192,10.970782716556336
1973-05-01,12.0,7.087298878386339,3.9095238956877423,10.44586010814045
1973-06-01,9.0,8.16950055267867,5.036864871669228,11.354555726133976
1973-07-01,5.0,7.733213423856697,4.6667585102572025,10.64968562830324
1973-08-01,9.0,7.7607889771063014,4.468099122693577,11.008587484118808
1973-09-01,7.0,7.697656941012804,4.236627061869699,10.667739982993956
1973-10-01,13.0,8.190952840847526,4.889526167060514,11.543929728806084
1973-11-01,12.0,7.115575295590071,4.069441872460986,10.429247308378283
1973-12-01,10.0,8.808058110901111,5.415368943335975,11.911542621907278
1974-01-01,5.0,8.28157598644141,5.323088178284577,11.54353446101957
1974-02-01,7.0,7.331454155283464,4.102629122161824,10.452877551104992
1974-03-01,6.0,7.4833646227372785,4.405513576779282,10.689658503360407
1974-04-01,10.0,8.010263830509118,4.681198156589928,11.171719782304653
1974-05-01,11.0,7.232654668025919,4.21455134838496,10.474267969123458
1974-06-01,9.0,8.103374237214885,4.849121597024264,11.231402106495114
1974-07-01,11.0,7.393028849347499,4.265547948241445,10.411503237851184
1974-08-01,8.0,7.5610307080717565,4.3218103250923345,10.91453325859471
1974-09-01,4.0,7.687425781122968,4.437534303804035,10.776541599707487
1974-10-01,10.0,7.920698754111632,4.701816682404095,10.763840724716788
1974-11-01,8.0,7.181492195170998,3.9428063732217664,10.293146972345761
1974-12-01,9.0,8.998951929147673,5.655469461015837,12.332830989390372
1975-01-01,7.0,8.09506755360259,4.942619106971335,11.190116717239158
1975-02-01,9.0,6.862652865810734,3.515008427296787,10.103775336686189
1975-03-01,6.0,7.107077817497196,3.887532579367148,10.172562626808052
1975-04-01,15.0,8.293988967239468,5.192381562708961,11.229813100221463
1975-05-01,10.0,7.296339223839094,4.104653762684757,10.545313551475795
1975-06-01,10.0,7.960592312311403,4.7529412043696055,11.0610756271576
1975-07-01,11.0,6.99117121893302,3.8608634730728806,10.226262307855446
1975-08-01,5.0,7.31506632917567,4.417531104870716,10.595106090364533
1975-09-01,16.0,7.637329090251458,4.154360056827518,10.716315211260017
1975-10-01,4.0,7.6206262333223505,4.2694894315055025,11.117972025941011
1975-11-01,9.0,7.228580943125962,4.1473175242020055,10.629794816428577
1975-12-01,11.0,9.166512725007012,6.009806072295928,12.40853766490477
1976-01-01,13.0,7.888344843145592,4.7866490370708155,11.119143695643542
1976-02-01,8.0,6.390287260069604,3.1784967372246893,9.486535845881788
1976-03-01,11.0,7.710223568500661,4.1631789889003885,11.034827227576903
1976-04-01,6.0,6.9056120235056255,3.6692509132790767,10.005525747197243
1976-05-01,9.0,6.525374940289375,3.3923435781320985,9.722773330138386
1976-06-01,8.0,7.798180910855897,4.514325666243017,10.917399086656118
1976-07-01,15.0,7.625847400059404,4.263871614355449,10.561608345554342
1976-08-01,7.0,7.503078580224373,4.274751271153332,10.68178848786064
1976-09-01,8.0,7.231438142843417,4.054790575900345,10.562461345205186
1976-10-01,9.0,7.969978164101964,4.774667067479454,11.157268623431396
1976-11-01,6.0,6.544265583623429,3.14854862953085,9.576272656164303
1976-12-01,13.0,8.082685096300084,4.7826982365028865,11.34041295967128
1977-01-01,9.0,7.910685968700148,4.701285558709768,11.045567433842088
1977-02-01,10.0,7.233562910868306,4.0320883375849,10.294850044884408
1977-03-01,6.0,7.3094082562943266,3.7064633633979964,10.436815067712628
1977-04-01,7.0,7.172223367788697,4.012541835958679,10.472412610824088
1977-05-01,11.0,6.600452600329656,3.424864541048957,9.855331383301468
1977-06-01,13.0,7.6741421919248625,4.486147235369196,10.63650363666747
1977-07-01,12.0,7.229617563719084,4.083844858485654,10.487909257767221
1977-08-01,9.0,7.2486810342715975,4.08757824923097,10.352047353197483
1977-09-01,14.0,7.1770369154815885,3.9506175057191313,10.290555130716914
1977-10-01,7.0,7.662095315931808,4.602598490022798,11.033092435158085
1977-11-01,2.0,6.578205687977704,3.2700025917102282,9.917435974876671
1977-12-01,14.0,8.262451003905227,5.063807405355295,11.489487130718041
1978-01-01,14.0,7.727456796748314,4.549391972255854,11.165186593148862
1978-02-01,9.0,6.7688228828936685,3.4561333054447982,9.860314533809461
1978-03-01,11.0,6.920733348905419,3.7958456652912638,10.15412315844322
1978-04-01,4.0,7.447632555081218,4.070158208476786,10.528129354071469
1978-05-01,10.0,6.670023391052991,3.331533925224711,9.905840743550606
1978-06-01,11.0,7.540742958645266,4.280345310641337,10.668701771781
1978-07-01,2.0,6.8303975692326695,3.524744480566915,10.067971252352342
1978-08-01,4.0,6.998399426360426,4.089637418996301,10.096492989858762
1978-09-01,4.0,7.12479449781545,3.8222812650098827,10.275402269769177
1978-10-01,9.0,7.3580674692592325,4.208984145840528,10.290968038117315
1978-11-01,6.0,6.6188609087217944,3.439220249181825,9.717838407159928
1978-12-01,13.0,8.43632064115376,5.418524927620392,11.611690466441715
1979-01-01,6.0,7.53243626401224,4.255501784789563,10.71673923830765
1979-02-01,5.0,6.300021574623738,3.3623222009626375,9.268410370810077
1979-03-01,4.0,6.54444652486838,3.3122150681567066,9.656445079722289
1979-04-01,6.0,7.731357673013685,4.431257626365926,10.8683582046531
1979-05-01,3.0,6.733707928068843,3.3665570104034463,9.938076937374055
1979-06-01,5.0,7.397961014944741,4.40360797172856,10.40973392006973
1979-07-01,5.0,6.428539920021194,3.2241109013584186,9.498893814070279
1979-08-01,3.0,6.752435028666975,3.760821661250578,10.22326765140228
1979-09-01,2.0,7.074697788146652,3.9147161915771873,10.07591402946829
1979-10-01,6.0,7.0579949296727875,3.8553361078451447,10.332173147866987
1979-11-01,2.0,6.665949637879825,3.6460087632041454,9.766622356135729
1979-12-01,2.0,8.60388141821601,5.581233687574139,12.120130968033925
1980-01-01,9.0,7.325713534757991,4.1055540082968,10.440034197592963
1980-02-01,6.0,5.8276559500860605,2.763812916697654,8.85689155851055
1980-03-01,4.0,7.1475922596196915,4.041222660348985,10.513534693849257
1980-04-01,6.0,6.342980715803194,3.270322645652318,9.552064561124025
1980-05-01,4.0,5.962743633727502,2.7189528301728254,9.086311663406642
1980-06-01,6.0,7.235549605472913,4.028896665058527,10.393486862663218
1980-07-01,6.0,7.063216095816998,4.003520032962723,10.162807473363143
1980-08-01,1.0,6.940447277160104,3.798997833284425,10.086543569574257
1980-09-01,1.0,6.668806840958292,3.607233736921452,9.800509429873278
1980-10-01,3.0,7.407346863357194,3.9140427997588776,10.532517753574778
1980-11-01,4.0,5.981634284057669,2.788500857356007,9.30780842189887
1980-12-01,5.0,7.520053797874713,4.215602917147967,10.265466298176522
1981-01-01,11.0,7.348054671453664,4.245358632286984,10.716071347184393
1981-02-01,7.0,6.67093161480046,3.3585340535460833,9.684104268042878
1981-03-01,8.0,6.746776961290687,3.5239820509426885,10.047741167696621
1981-04-01,3.0,6.60959207396438,3.3366827815718123,9.863848864725709
1981-05-01,5.0,6.0378213076459115,2.8235432992176586,9.050796809779428
1981-06-01,6.0,7.111510900419782,3.9183599613395317,10.40126273685001
1981-07-01,1.0,6.666986273354317,3.4630049861014958,9.761294033132515
1981-08-01,9.0,6.686049745086312,3.632044453983172,10.206573860503394
1981-09-01,8.0,6.614405627474747,3.3535754359188688,9.92407993819779
1981-10-01,4.0,7.099464029065823,3.8707800496287796,10.248499715729006
1981-11-01,3.0,6.015574402290173,2.884013016919288,9.10473522944258
1981-12-01,6.0,7.69981971935802,4.364723549083051,10.871385895129311
1982-01-01,5.0,7.164825513380189,3.847560772765959,10.462828903028985
1982-02-01,4.0,6.206191600703856,3.0408885368941596,9.653495458231976
1982-03-01,10.0,6.358102068016261,3.223663178802377,9.290859717007443
1982-04-01,5.0,6.885001275631994,3.5573481035842547,10.02193486388697
1982-05-01,6.0,6.1073921129977276,2.989664747683312,9.223457890570995
1982-06-01,10.0,6.978111682029744,3.9394953999810163,10.1987161101709
1982-07-01,4.0,6.267766294010785,3.0682806993744016,9.420726530215441
1982-08-01,5.0,6.4357681525785155,3.3365443674315194,9.577770438145073
1982-09-01,8.0,6.562163225473442,3.161901919307737,9.71704495052799
1982-10-01,2.0,6.7954361983106555,3.4397258769566976,9.89509588948802
1982-11-01,4.0,6.056229639214212,2.6196447540948795,9.19215096708852
1982-12-01,4.0,7.873689373038878,4.6380735011401155,10.993270007314736
1983-01-01,6.0,6.969804997337646,3.8229655430629967,10.331316406378102
1983-02-01,4.0,5.737390309388749,2.5957612694365766,9.001573438444069
1983-03-01,6.0,5.981815260934282,2.8884792951241116,9.215786118091156
1983-04-01,9.0,7.168726410519822,3.954264355227623,10.65801031736297
1983-05-01,6.0,6.171076666967763,3.130350114134137,9.33632653672579
1983-06-01,5.0,6.83532975528378,3.664911193683052,9.909108306861281
1983-07-01,6.0,5.86590866175394,2.623261577453496,9.091937866534911
1983-08-01,5.0,6.1898037718404,3.10491479573261,9.53365825016917
1983-09-01,3.0,6.512066532759566,3.151052339751765,9.687213318347721
1983-10-01,6.0,6.495363675679254,3.3471595657593567,9.641635759569676
1983-11-01,5.0,6.103318385326084,2.726690901720562,9.270837182727423
1983-12-01,5.0,8.041250167055843,4.804105548647207,11.158767284968992
1984-01-01,8.0,6.76308228503746,3.495691085360862,9.889535963738904
1984-02-01,6.0,5.265024735098553,2.1542979348947524,8.708801551865864
1984-03-01,4.0,6.584961075727627,3.34312285075407,9.97363639410305
1984-04-01,5.0,5.780349565151074,2.795538594230956,9.149451900678397
1984-05-01,5.0,5.400112515242896,1.983001820419731,8.595135745759958
1984-06-01,8.0,6.672918520227885,3.408846680118328,10.174394956246987
1984-07-01,2.0,6.500585042740371,3.1285895453093793,9.887319385502607
1984-08-01,10.0,6.37781625732318,3.060472608376371,9.551720174951882
1984-09-01,6.0,6.106175854360515,3.029453301106523,9.215566106227085
1984-10-01,5.0,6.844715908926977,3.6758801175781133,10.072532580137693
1984-11-01,4.0,5.419003362866811,2.014635035652657,8.458042873260075
1984-12-01,6.0,6.957422908852545,3.985997496424312,10.334038796182886
1985-01-01,9.0,6.785423815670579,3.8067577866208033,9.888449858373729
1985-02-01,5.0,6.108300792257342,2.7198334338027874,9.47398201050368
1985-03-01,5.0,6.184146168770591,3.164706441547058,9.333378949413774
1985-04-01,3.0,6.046961314683814,2.7637206124430804,9.313070222169717
1985-05-01,4.0,5.475190580533512,2.2317188924806,8.923077367460719
1985-06-01,8.0,6.5488802065465705,3.2274013933210237,9.728319729353855
1985-07-01,4.0,6.104355611648563,2.7697250100982242,9.11933256427522
1985-08-01,7.0,6.123419116620742,2.687776392006316,9.204273748974698
1985-09-01,6.0,6.051775032248432,2.843609925130007,9.247819725292551
1985-10-01,13.0,6.5368334660071135,3.393257421683361,9.616210601534844
1985-11-01,5.0,5.452943872471736,2.4799875282712915,8.65077209308602
1985-12-01,5.0,7.1371892217062305,4.084157808400964,10.730366571206421
1986-01-01,7.0,6.602195048968559,3.2936644043373575,9.838672598789644
1986-02-01,8.0,5.644264010112163,2.609238856018703,8.80682391346859
1986-03-01,3.0,5.796809331245242,2.5629552429014657,9.00238788355977
1986-04-01,3.0,6.324411412735266,3.105429463437859,9.587223928242704
1986-05-01,4.0,5.547482450623307,2.523079661254949,8.746900429927999
1986-06-01,4.0,6.418904893528345,3.0201186673198785,9.684821655490362
1986-07-01,5.0,5.709239706031882,2.5798252526253167,8.721539163557798
1986-08-01,4.0,5.877944438472891,2.5104653206531538,9.351321785849784
1986-09-01,5.0,6.005042385241573,3.057372109764226,9.264325591266651
1986-10-01,7.0,6.238995558601249,3.130458238705805,9.383452337093944
1986-11-01,5.0,5.500491873377192,2.272082820214149,8.730566435062377
1986-12-01,7.0,7.318631807726242,4.298035256165004,10.663526365988613
1987-01-01,8.0,6.415450305897476,3.006070899337865,9.438457729288148
1987-02-01,7.0,5.183738491821895,1.8954040096580755,8.602730433336456
1987-03-01,5.0,5.428798297189029,2.040334880416394,8.490420928331888
1987-04-01,2.0,6.6164123206491245,3.4328837964617,9.83823696993294
1987-05-01,3.0,5.619442777618255,2.43457394049929,8.700823406895918
1987-06-01,7.0,6.284398739807673,3.0470943830976487,9.396076577620482
1987-07-01,5.0,5.315657846801156,2.0026369768073065,8.679962738338642
1987-08-01,5.0,5.640255830759921,2.4241234095046993,8.86239841902099
1987-09-01,3.0,5.963221465553002,2.7600369409225243,9.051005424440458
1987-10-01,4.0,5.947198808994472,2.686575176277398,8.853637448285841
1987-11-01,2.0,5.5558563925165,2.3725015142340378,8.752742829963394
1987-12-01,5.0,7.494468374768431,4.167262019554442,10.559131546788072
1988-01-01,5.0,6.217003366623359,3.1390815229133935,9.37013303358321
1988-02-01,3.0,4.720651062826514,1.5488885171853766,7.6972817350346
1988-03-01,10.0,6.042182633714868,2.822143290449725,9.175477752118416
1988-04-01,2.0,5.239276369281305,2.1186597362313937,8.19692683546687
1988-05-01,5.0,4.860689557574688,1.78285367293115,8.02169903921967
1988-06-01,4.0,6.135200808699839,2.9588445579629856,9.320771293242363
1988-07-01,7.0,5.964517569412576,3.0210328390728547,9.343199355245874
1988-08-01,2.0,5.843454030137224,2.7748443462652177,9.118476506974945
1988-09-01,8.0,5.573518873316625,2.3868266447094526,8.93958812599348
1988-10-01,4.0,6.313709166084529,3.0787373972569556,9.395980205591197
1988-11-01,4.0,4.889701866165929,1.5741665901598598,8.019360269878996
1988-12-01,5.0,6.42977165035269,3.1045313891664743,9.571904529664543
1989-01-01,3.0,6.259477803312207,3.154036575339094,9.40510370747729
1989-02-01,8.0,5.584060026038856,2.467283565339476,8.955393291553346
1989-03-01,4.0,5.6614456248745455,2.291407780799443,8.810155309441583
1989-04-01,2.0,5.525966016928974,2.311395252392046,8.808960979946738
1989-05-01,3.0,4.955845520979236,1.780396352030168,8.332516818661098
1989-06-01,7.0,6.031240393134915,2.811071549721642,9.484647752606694
1989-07-01,4.0,5.58836603643801,2.4403843453532104,8.518004595118914
1989-08-01,5.0,5.609134787550648,2.5271721108625105,9.008151116275249
1989-09-01,8.0,5.539195949320058,2.370975927936521,8.77092063285818
1989-10-01,3.0,6.025904621279241,2.7522817235987014,8.902407875399602
1989-11-01,4.0,4.943720273885811,1.7135884980451082,8.102099431790045
1989-12-01,1.0,6.629615861323712,3.6184183819366518,9.97659384777833
1990-01-01,13.0,6.096326934725559,2.84066681119337,9.394043406524503
1990-02-01,8.0,5.139448450688727,1.9448390292429347,8.539784686448028
1990-03-01,5.0,5.292944466499202,2.194696284850601,8.832596871207114
1990-04-01,10.0,5.821599102808655,2.4238375597153006,8.94436166412535
1990-05-01,1.0,5.045688742135821,1.738022619894109,8.25639971953379
1990-06-01,7.0,5.918163739861518,2.7341637610244964,9.028915032450508
1990-07-01,5.0,5.2095171538044465,2.2173223712103325,8.47459862050309
1990-08-01,8.0,5.379274441065401,2.047902555185521,8.557270210583878
1990-09-01,4.0,5.5074249426546045,2.302196168302348,8.82772598352247
1990-10-01,7.0,5.742396717452677,2.6519454576064994,9.00392088157792
1990-11-01,7.0,5.0049455870513135,1.806745735620871,8.418692546954547
1990-12-01,5.0,6.824104122836506,3.7924542762964277,9.912123927788459
1991-01-01,5.0,5.921975175828481,2.73362607892334,9.27703241398371
1991-02-01,4.0,4.691315916573689,1.4888157806848008,7.912647524362894
1991-03-01,6.0,4.937326416616702,1.8968876823328036,8.302830477544338
1991-04-01,7.0,6.125992994897321,2.9309253018439354,9.31024649473324
1991-05-01,3.0,5.130042053305964,2.158498943326953,8.238954541308702
1991-06-01,6.0,5.796050570315246,2.5208945360649464,9.029199659725059
1991-07-01,3.0,4.828328278746096,1.5513870103943246,8.084440302363017
1991-08-01,10.0,5.153978817527225,1.8819533117787357,8.282412154228085
1991-09-01,4.0,5.477997007139635,2.43372638253621,8.693615163247507
1991-10-01,2.0,5.462992952020716,2.230857766859274,8.697658153740381
1991-11-01,5.0,5.072703090362612,1.8016959628193245,8.237327915598906
1991-12-01,4.0,7.012333674052299,3.8743133302316335,10.059516473003699
1992-01-01,2.0,5.735921220728753,2.4742182781762367,8.98096985622846
1992-02-01,5.0,4.239681043653672,1.1494268367740064,7.492411664066805
1992-03-01,5.0,5.561317507285773,2.535295897770865,8.50691536603482
1992-04-01,4.0,4.758523369576144,1.5654245429301548,7.872996659814719
1992-05-01,2.0,4.3800450676015545,1.379204743402523,7.670696801441825
1992-06-01,4.0,5.654668445451589,2.447105562128779,8.739433719691014
1992-07-01,9.0,5.484093715896726,2.213071451506526,8.511953691259297
1992-08-01,6.0,5.363142303345999,1.9291836361660923,8.719108830140879
1992-09-01,4.0,5.093319273248756,1.9857352845238654,8.45124206188322
1992-10-01,7.0,5.833618075749721,2.619401055458283,9.04755036846646
1992-11-01,6.0,4.409722902554165,1.1462458450812025,7.499426470707809
1992-12-01,8.0,5.949901196473586,2.6873243872697725,9.084714542830293
1993-01-01,4.0,5.779719476157139,2.424347894934183,8.744362131834196
1993-02-01,4.0,5.104413825607256,1.889681523335802,8.374289872260633
1993-03-01,6.0,5.181900700194946,1.6721410114056736,8.219201268285365
1993-04-01,9.0,5.04653321897345,1.7561270506125874,8.281698852003432
1993-05-01,4.0,4.476521232755899,1.3673807637600564,7.758456938225416
1993-06-01,5.0,5.552028231635126,2.353556570355747,8.679153983033203
1993-07-01,3.0,5.109262384671748,1.7355986789006677,8.46866951131996
1993-08-01,6.0,5.1301432625073815,1.9471081442478095,8.433446877425624
1993-09-01,6.0,5.060316551001526,1.8927367779192315,8.356413976712936
1993-10-01,6.0,5.547133732693936,2.6972111108908416,9.021521289071485
1993-11-01,3.0,4.465061512023441,1.0986848947599803,7.7532636230971494
1993-12-01,5.0,6.151065609193752,2.9963990722468887,9.217194363890506
1994-01-01,5.0,5.6178888093205,2.343779259273828,8.528854390664632
1994-02-01,5.0,4.661073325141425,1.5918344591257103,7.734991915205141
1994-03-01,5.0,4.814626244047777,1.60276759224108,7.928584506534164
1994-04-01,4.0,5.343343880215113,2.2962149359286577,8.802128970016797
1994-05-01,4.0,4.567494487145878,1.4655135625896176,7.66366508038926
1994-06-01,3.0,5.440032484729496,2.2652382034756067,8.53537662144101
1994-07-01,5.0,4.731446866276026,1.333381874982488,7.883469550350186
1994-08-01,9.0,4.90126715339437,1.5965989207866613,7.998895151282432
1994-09-01,5.0,5.029480654840531,1.7121560501045516,8.398052309405125
1994-10-01,4.0,5.264513397243755,2.074722962197086,8.657360647239754
1994-11-01,9.0,4.527125266697366,1.3630612696341198,7.608827786435364
1994-12-01,6.0,6.34634477008793,3.129865854730848,9.441539055993317
1995-01-01,6.0,5.444278822937376,1.950385284058167,8.637178741430152
1995-02-01,1.0,4.213682563539296,0.8323928552256346,7.22165858968958
1995-03-01,8.0,4.459749966678358,1.1996056773035464,7.5210629643798494
1995-04-01,3.0,5.648479544816199,2.365785879102446,8.769253824559524
1995-05-01,5.0,4.652589570828916,1.3334500145927202,7.834535668477117
1995-06-01,4.0,5.318661087697244,2.264451614184693,8.415675568290737
1995-07-01,5.0,4.350999763731157,1.2125867487301996,7.378177999199297
1995-08-01,7.0,4.676713302369441,1.44297401366404,7.8761641576189145
1995-09-01,3.0,5.000794491839301,1.8946063744552395,8.023510631130897
1995-10-01,6.0,4.9858514043247375,1.656349707062357,8.071916743431753
1995-11-01,5.0,4.595624542522072,1.291860063304086,7.754059980938948
1995-12-01,8.0,6.5353160938170625,3.2020692925600946,9.836459305393518
1996-01-01,4.0,5.258966640351645,2.1743013702972362,8.511519860359904
1996-02-01,7.0,3.7627275051409543,0.7170445473839302,6.95330703393666
1996-03-01,5.0,5.084364943419774,1.7834875448618597,8.236987800321936
1996-04-01,6.0,4.281571847572996,1.056771562293818,7.686462497177823
1996-05-01,5.0,3.9030945538541273,0.9075596725609784,7.168900137484615
1996-06-01,3.0,5.177718973567071,2.032138805912159,8.496677399619182
1996-07-01,6.0,5.007145252268091,2.1436573307599587,8.339431989413256
1996-08-01,6.0,4.8861948815804706,1.657615652353673,7.948141350885049
1996-09-01,6.0,4.616372893348339,1.377722738205304,7.876216164897878
1996-10-01,2.0,5.3566727041028575,2.1976073908694596,8.81751562035781
1996-11-01,4.0,3.9327785727729148,0.8476578551209922,7.089583996919016
1996-12-01,6.0,5.472957874946692,2.341302033407007,8.90818683812414
1997-01-01,4.0,5.302777196494979,2.211476782942258,8.630192490746253
1997-02-01,5.0,4.627472587810188,1.4305232473809701,7.9203785455709745
1997-03-01,3.0,4.704960403434082,1.4903397215064502,7.821396041296086
1997-04-01,6.0,4.5695939640773675,1.1345961556167075,7.759756144053029
1997-05-01,6.0,3.999582986115281,0.976206859893009,7.326775161908098
1997-06-01,3.0,5.0750910268577325,1.642882807803705,8.144050314693805
1997-07-01,4.0,4.632326188148294,1.52205860241272,7.948444881883814
1997-08-01,8.0,4.653208107848506,1.3836081946118433,8.077450530610069
1997-09-01,9.0,4.5833824382065425,1.315675954355915,7.806838925774985
1997-10-01,7.0,5.070200628155138,1.9758373482071936,8.17049473667697
1997-11-01,5.0,3.988129449347681,0.966637027825652,7.227833198347575
1997-12-01,10.0,5.6741345547731985,2.4086280463545804,8.925979340944718
1998-01-01,5.0,5.140958796763717,2.0114973663736753,8.266090351243966
1998-02-01,8.0,4.184143334283439,0.8464302168913217,7.377557372000286
1998-03-01,4.0,4.3376962727905815,1.2467948494270158,7.755824735609741
1998-04-01,4.0,4.8664139306579415,1.4109267432197996,7.8361573204769135
1998-05-01,6.0,4.090564558588005,0.8186260989844862,7.359764838675274
1998-06-01,5.0,4.963102577871009,1.7380037779690922,8.371540337536352
1998-07-01,5.0,4.254516980417954,1.1668681610144096,7.764915696921618
1998-08-01,8.0,4.424337289236762,1.1365962177243571,7.881983936527381
1998-09-01,5.0,4.552550812381746,1.2941203009299365,7.605551782430011
1998-10-01,8.0,4.787583575783712,1.622323754542049,7.8948297356449775
1998-11-01,2.0,4.05019546693753,0.6613343309447609,7.028008741296055
1998-12-01,8.0,5.869414991328928,2.3383750568323967,8.835801161713876
1999-01-01,6.0,4.9673490658771815,1.7833730074159413,8.23211891625144
1999-02-01,4.0,3.736752828179629,0.3874312111747774,6.915445665880425
1999-03-01,1.0,3.9828202509189996,0.6811483909244649,7.064525561302766
1999-04-01,6.0,5.171549850756541,1.8409679445936102,8.288206482530446
1999-05-01,6.0,4.175659897767355,0.9227108560661023,7.340266885621093
1999-06-01,4.0,4.841731436335167,1.5532508038531818,8.258009635428753
1999-07-01,5.0,3.8740701333716396,0.366915887466649,7.004469656521908
1999-08-01,4.0,4.19978369370726,0.9061047316416031,7.307800089121918
1999-09-01,4.0,4.523864904877147,1.2328937172277783,7.808338390777534
1999-10-01,2.0,4.508921838360711,1.2843715870527017,7.74735626579089
1999-11-01,4.0,4.118694998261338,0.8937598983798681,7.131311882497036
1999-12-01,11.0,6.058386570556682,2.7107012545192455,9.31700875096448
2000-01-01,4.0,4.7820371387869445,1.5427019998559264,7.875799627518309
2000-02-01,5.0,3.2857984732794923,0.19481492681730694,6.3030079442044915
2000-03-01,5.0,4.607436350954624,1.1731954365036827,7.769642491659474
2000-04-01,1.0,3.8046437248130287,0.6567593433276896,6.878616055172446
2000-05-01,6.0,3.4261668856441494,0.20319015175019964,6.735183672888772
2000-06-01,4.0,4.700791775058833,1.6550840605454935,7.919124008796983
2000-07-01,5.0,4.530218508308738,1.2444212811518247,7.690810004884926
2000-08-01,3.0,4.409268607325566,0.9432353585328562,7.617011990700079
2000-09-01,6.0,4.13944708879414,0.8822739860398674,7.450075835212987
2000-10-01,7.0,4.879747354099269,1.3701152674816215,8.093625515957603
2000-11-01,6.0,3.4558536924704,0.26066885922676264,6.610076210055971
2000-12-01,5.0,4.996033449196724,1.7245943698802573,8.335069469983706
2001-01-01,4.0,4.825853240445345,1.6072135233663751,8.178881282569874
2001-02-01,4.0,4.150549101462314,0.798327240582769,7.177206556772682
2001-03-01,3.0,4.228037341333639,1.1240722613162504,7.238476184276182
2001-04-01,3.0,4.092671371679369,0.8468161279003524,7.210374903253436
2001-05-01,1.0,3.5226608482657396,0.2502761279497109,6.781261185945837
2001-06-01,4.0,4.598169358710844,1.5095754623952669,7.701274558089655
2001-07-01,4.0,4.155404974553185,0.9921149080787987,7.3607690169437126
2001-08-01,5.0,4.176287363955112,1.003815905381677,7.611584742033891
2001-09-01,4.0,4.106462164014853,0.833428281142904,7.131056826985814
2001-10-01,5.0,4.59328080851232,1.280638801216776,7.765839253568107
2001-11-01,1.0,3.511210099408899,0.26562682830307355,6.584329855027285
2001-12-01,5.0,5.1972156593847245,2.33227971168732,8.403641793114732
2002-01-01,5.0,4.664040371076968,1.565240477926283,7.740238242841422
2002-02-01,5.0,3.7082394046074993,0.4741670909262482,6.678687695352527
2002-03-01,6.0,3.8627086620947058,0.6337663928216901,7.114120609596138
2002-04-01,3.0,4.3924408159719,1.2548271654125138,7.578045982097319
2002-05-01,3.0,3.617573214236079,0.5553867245824732,6.9109987567393505
2002-06-01,5.0,4.49112572953078,1.2521292764474063,7.562225638686437
2002-07-01,4.0,3.783521902411189,0.6022880280875409,7.262626487734613
2002-08-01,2.0,3.954356707240982,0.6876828848511404,7.068266653667134
2002-09-01,5.0,4.083584726398502,0.7398252491139957,7.137415013505139
2002-10-01,2.0,4.319599260134851,1.0342698839140527,7.508535297236497
2002-11-01,3.0,3.58322564730182,0.33843491590575103,6.718873693351851
2002-12-01,6.0,5.403426942022829,2.1618040426590084,8.513642458041478
2003-01-01,8.0,4.502375512583894,1.2750556890632916,7.660499904698947
2003-02-01,1.0,3.272793770895481,0.27942980734354894,6.522226391672571
2003-03-01,3.0,3.5197775126160558,0.25258468284270585,6.85200826506407
2003-04-01,5.0,4.709521608463313,1.5246831374005483,7.905440839270313
2003-05-01,4.0,3.7146134258117387,0.5707810401326219,6.794195230227808
2003-06-01,8.0,4.381699460389136,1.1568709614943042,7.360284736724058
2003-07-01,2.0,3.4150199277586384,0.2395288932372107,6.727076723095867
2003-08-01,4.0,3.7417479841050914,0.5190594664281757,6.9334074895949245
2003-09-01,3.0,4.066843691288048,1.0238939127929334,7.3120066888055515
2003-10-01,6.0,4.052882395107269,0.8735806122133375,7.4111250004734535
2003-11-01,3.0,3.6636700510162417,0.237915244649265,6.877355356851237
2003-12-01,5.0,5.604343393644315,2.5378287834310913,8.939049427519569
2004-01-01,2.0,4.329008457889627,1.1053458457146974,7.597085704025303
2004-02-01,3.0,2.8405655366327003,-0.35315721705847697,5.932697810708233
2004-03-01,3.0,4.169496207323713,1.2714899211526618,7.361106304851947
2004-04-01,4.0,3.374499325430592,0.26767973530459976,6.539757041750996
2004-05-01,3.0,3.0035667548969753,-0.07161898556854981,6.076458780951853
2004-06-01,4.0,4.285987388566596,1.1000194061199964,7.596054480992983
2004-07-01,4.0,4.122958390451419,1.0031535923981214,7.237009816554913
2004-08-01,3.0,4.009804233718796,1.0347614729038683,7.453682898113204
2004-09-01,4.0,3.7477784594406054,0.39859267108597585,7.301600818146932
2004-10-01,1.0,4.495622993380437,1.232088009377845,7.820958199201234
2004-11-01,5.0,3.079525076005285,-0.2144330228279093,6.214420865198626
2004-12-01,4.0,4.627249101362359,1.1998566292736845,7.584095684987768
2005-01-01,2.0,4.464864636865219,1.4542647346819564,7.668039361477148
2005-02-01,3.0,3.797356242135639,0.516445540064657,6.855718653835205
2005-03-01,2.0,3.881885799397505,0.4758693384095451,7.052147137358118
2005-04-01,5.0,3.7543155739958283,0.7927344546245201,6.899154966138111
2005-05-01,2.0,3.1918493192185275,0.09168939321514544,6.295344212650636
2005-06-01,3.0,4.2751535739158015,1.0588203359325192,7.274910328138305
2005-07-01,3.0,3.8399334583903157,0.7693242242003082,7.159816980179573
2005-08-01,6.0,3.86861159204571,0.7959770641457269,7.016941127943408
2005-09-01,2.0,3.806582136360615,0.7670192841903123,7.152564493438928
2005-10-01,5.0,4.300945049491326,1.121895537167097,7.355552998777983
2005-11-01,2.0,3.22667008463998,0.000326661627452496,6.558149931556789
2005-12-01,2.0,4.920219913249011,1.8478590587108648,8.067712405493117
2006-01-01,2.0,4.394840369194487,1.057989597047445,7.6674354303091885
2006-02-01,3.0,3.4564659948871324,0.34847508486266154,6.688632066881471
2006-03-01,3.0,3.6266754001288932,0.292834415234182,6.680541230726771
2006-04-01,6.0,4.173834146169947,1.0057485842349052,7.16735841655695
2006-05-01,3.0,3.4158309884589126,0.03114638168081426,6.517231758014804
2006-06-01,4.0,4.306810095912693,1.0771097645510053,7.742554580921159
2006-07-01,6.0,3.616070712819299,0.36219660562627237,6.590742473269345
2006-08-01,2.0,3.8043321098110203,0.6712954774381207,6.836912467808296
2006-09-01,6.0,3.950986721128169,0.8560265167018047,7.176803172497891
2006-10-01,5.0,4.203865698889933,0.9504161290724624,7.419672696286849
2006-11-01,2.0,3.4849186782158887,0.21195439191889984,6.7685821447012815
2006-12-01,7.0,5.321984416967416,2.2962154156007215,8.672064749275783
2007-01-01,3.0,4.438359579687752,1.4429772017689146,7.685434501918946
2007-02-01,3.0,3.2262044301624226,0.2726689932941954,6.226007344481496
2007-03-01,3.0,3.488928319636341,0.4150750771139063,6.783609570677396
2007-04-01,6.0,4.69609900764754,1.345547080616272,7.9712394976473515
2007-05-01,4.0,3.71805526901967,0.48234715119206856,6.977251350888551
2007-06-01,6.0,4.402567895757826,1.1762074016006192,7.300889352137865
2007-07-01,2.0,3.452752807150997,0.24858128482199945,6.62713941140727
2007-08-01,3.0,3.796907455660898,0.8783948545287491,6.907336242023112
2007-09-01,6.0,4.1394297550032935,1.1328201059311047,7.546916161181863
2007-10-01,6.0,4.142332902847779,1.0033054320825998,7.4427338815610415
2007-11-01,4.0,3.7705471509169626,0.6475015714206064,6.756358370619367
2007-12-01,4.0,5.728084937573023,2.512567103345303,8.881210451037607
2008-01-01,3.0,4.470176593977165,1.293225264888075,7.528156973825696
2008-02-01,2.0,3.0043847558555368,-0.1719721703062174,6.268330103453196
2008-03-01,6.0,4.354505149476138,1.2750462216710594,7.635954095211443
2008-04-01,6.0,3.582159350720814,0.49966957910546445,6.815224028905137
2008-05-01,4.0,3.233147183217941,0.19294464418399093,6.280936053336563
2008-06-01,5.0,4.538218900018806,1.222748614012013,7.573966608129614
2008-07-01,3.0,4.397110304935799,1.3283616852515765,7.444944187622156
2008-08-01,3.0,4.30660723133881,1.2093831396866481,7.465212190521926
2008-09-01,5.0,4.06723254019534,0.8577716097645165,7.179542290177135
2008-10-01,6.0,4.836997477166912,1.5999085480858626,7.968296839088415
2008-11-01,3.0,3.4435506429258806,0.2616707023214924,6.47669036837667
2008-12-01,2.0,5.013195071315007,1.8926482649731604,8.134711828392707
2009-01-01,4.0,4.873461689952169,1.8216513539757115,7.925667915239981
2009-02-01,4.0,4.2286043783574145,1.0836373886202453,7.298168140613218
2009-03-01,4.0,4.333592978447107,0.9800369749063429,7.5900281102759495
2009-04-01,4.0,4.228673836182996,1.081038970902992,7.486174002482545
2009-05-01,4.0,3.6881279844368784,0.629894067578493,6.9700227106504125
2009-06-01,3.0,4.794083322266463,1.7938996792265147,7.858347058269844
2009-07-01,6.0,4.380783609772826,1.025068384297273,7.5728419271383896
2009-08-01,4.0,4.432112826562042,1.3553072089055507,7.583564938076525
2009-09-01,4.0,4.3927344540121425,1.1531715061436503,7.470402995880497
2009-10-01,5.0,4.909017770175023,1.7268919420660964,8.341959112512727
2009-11-01,5.0,3.857393888458606,0.4911210312822055,6.932556828984889
2009-12-01,3.0,5.572864120098798,2.345262746042611,8.60777401456208
2010-01-01,1.0,5.0701356591788365,1.8885330281796284,8.314639089725796
2010-02-01,3.0,4.143767491561529,0.8312813207341114,7.3066885560219035
2010-03-01,1.0,4.3248212125237835,1.0764376273671803,7.4692110092609605
2010-04-01,7.0,4.883986165252232,1.6595611383972622,8.141129874230588
2010-05-01,4.0,4.137601917241223,0.9664913367486503,7.582491078282146
2010-06-01,6.0,5.040587231385273,2.151820284518126,7.979969071448053
2010-07-01,1.0,4.361466757991799,1.315606917261011,7.633718627132921
2010-08-01,2.0,4.561734361670321,1.3984795637964444,7.856525232436916
2010-09-01,4.0,4.720395179677453,1.6803793698341094,7.840663124475524
2010-10-01,1.0,4.984893067137396,1.8384573829219968,8.190543461904113
2010-11-01,4.0,4.277952253155062,1.3257589479220324,7.407008111671398
2010-12-01,3.0,6.12663690160521,3.05285861394453,9.506875287989777
2011-01-01,4.0,5.255018271013556,2.277150724104824,8.479264485178831
2011-02-01,4.0,4.054869328176896,1.0614059341702058,7.404016568663422
2011-03-01,3.0,4.328437533372803,1.208594781885587,7.483187065396491
2011-04-01,3.0,5.54761442806928,2.347632585582377,9.027866033698237
2011-05-01,3.0,4.581189599141962,1.1543356102163005,7.602929361943519
2011-06-01,2.0,5.2777084325711465,1.8930834709400242,8.469421355980883
2011-07-01,4.0,4.339512253664989,1.1477069476945607,7.538888735566232
2011-08-01,3.0,4.695673108862609,1.4684576496805772,7.824164432413295
2011-09-01,7.0,5.050201614894154,1.860193885767641,8.363242703996995
2011-10-01,5.0,5.064723672437944,1.872131087990391,8.296636876739225
2011-11-01,2.0,4.704944127199582,1.5505257987133299,7.699791555824607
2011-12-01,2.0,6.674100823550419,3.7552134444778704,10.0362122827593
2012-01-01,5.0,5.42819868664512,2.2145779297968864,8.79927011398047
2012-02-01,2.0,3.962406848524202,0.8329646391613789,7.017788503508757
2012-03-01,1.0,5.3125272421463325,2.2149203937390327,8.495569916880179
2012-04-01,3.0,4.540181443386264,1.3218809071096504,7.862568995633221
2012-05-01,4.0,4.191169275884179,0.9040863998915545,7.396663734285907
2012-06-01,5.0,5.496240992687304,2.196079588595255,8.73635267804468
2012-07-01,3.0,5.355132397605179,2.3619713754861698,8.614768811333839
2012-08-01,3.0,5.264629324007335,2.1342141183181442,8.40141507760388
2012-09-01,3.0,5.02525463286339,2.0096261170439527,8.30640774262437
2012-10-01,3.0,5.795019569833208,2.6294905003316793,9.087807069130733
2012-11-01,1.0,4.401572735593964,1.1906981393100684,7.453405571761696
2012-12-01,5.0,5.971217163985273,2.928927760980537,9.285023210819999
2013-01-01,4.0,5.83148378262021,2.9034564580411755,9.056712142421208
2013-02-01,4.0,5.186626471024131,2.200349903613846,8.609278999654448
2013-03-01,2.0,5.291615071117205,2.2338825179770456,8.440765260474155
2013-04-01,1.0,5.1866959288493995,2.1791887684317315,8.526645818179908
2013-05-01,3.0,4.646150077103143,1.4089713627528284,7.913433523417173
2013-06-01,5.0,5.752105414936393,2.495785096639572,8.939878193444478
2013-07-01,4.0,5.338805702442691,2.391398273289637,8.504058979696916
2013-08-01,6.0,5.3901349192329615,2.0380437205588056,8.580108846337668
2013-09-01,7.0,5.3507565466796185,1.9666199024743674,8.494705280578218
2013-11-01,5.0,4.815415981126785,1.6082959078762096,8.086268550020145
2013-12-01,5.0,6.530886212766653,3.1789782637697668,9.75823036072196
2014-01-01,5.0,6.028157751846748,2.9610079070698565,9.150719073201026
2014-02-01,3.0,5.101789584226879,1.9451801796214354,8.079490873922921
2014-03-01,1.0,5.282843305190217,1.9808193905660556,8.751052471609944
2014-04-01,6.0,5.842008257918786,2.663257890178809,8.947153482230497
2014-05-01,5.0,5.09562400990865,1.6422164672740494,8.207985567170459
2014-06-01,2.0,5.998609324051983,2.8074024961037787,9.208015454046457
2014-07-01,8.0,5.319488850657329,2.0307437356747107,8.48487163054393
2014-08-01,4.0,5.519756454337647,2.3924642169314514,8.592979067184102
2014-09-01,4.0,5.67841727234532,2.477970440941038,9.004414128539576
2014-10-01,5.0,5.942915159806333,2.538576798606581,9.293745173543856
2014-11-01,2.0,5.235974345822955,2.0011244348210955,8.175683130254615
2014-12-01,8.0,7.084658994271159,3.7896836309359467,10.307601255429564
2015-01-01,9.0,6.213040363681746,2.743496595124696,9.370916799083693
2015-02-01,3.0,5.012891420842811,1.8726893405309033,8.520596470136207
2015-03-01,8.0,5.286459626039034,2.1766055665761543,8.236171024205786
2015-04-01,3.0,6.505636520738999,3.4798149394829365,9.71332268490908
2015-05-01,2.0,5.539211691810703,2.522843365096443,8.59105414716719
2015-06-01,2.0,6.235730525238314,2.9960897953432992,9.414552787190004
2015-07-01,4.0,5.297534346331712,2.256975910447457,8.594489776287842
2015-08-01,3.0,5.653695201529748,2.5697257616679314,8.657401460119399
2015-09-01,6.0,6.008223707562529,2.6425329078500046,9.169368331545401
2015-10-01,3.0,6.022745765106947,2.7349234171869994,9.032601643196228
2015-11-01,2.0,5.662966219864609,2.3471331273315332,9.119919757598604
2015-12-01,7.0,7.63212291622066,4.476039749909443,10.782758843638765
2016-01-01,7.0,6.386220779312929,3.4006000064403907,9.892609904224122
2016-02-01,7.0,4.920428941190852,1.78707386257172,8.122360124363121
2016-03-01,10.0,6.270549334813115,3.1163082590625506,9.340727384621934
2016-04-01,5.0,5.498203536056799,2.1507151859659137,8.550958329228257
2016-05-01,6.0,5.149191368552524,2.1531288153405344,8.291404767892447
2016-06-01,11.0,6.454263085356134,2.9895313916308517,9.525907035333441
2016-07-01,4.0,6.313154490272266,3.0716248475928163,9.7577747874465
2016-08-01,7.0,6.222651416674431,2.9700035983329354,9.57571964125515
2016-09-01,7.0,5.983276725530502,2.842691661936659,9.087450728917918
2016-10-01,5.0,6.75304166250228,3.605938115887094,10.003996140954994
2016-11-01,9.0,5.359594828262857,2.338508843769432,8.544863240968338
2016-12-01,12.0,6.929239256652082,3.8315753715339085,10.079394147595165
2017-01-01,9.0,6.789505875289237,3.5421213293041167,9.91538702070828
2017-02-01,4.0,6.144648563695137,3.126892600640237,9.573506913996308
2017-03-01,7.0,6.24963716378497,3.168742128249298,9.469954640435837
2017-04-01,4.0,6.144718021519613,2.9344919995095395,9.324487683412775
2017-05-01,7.0,5.604172169773651,2.3102023599128003,8.713391342767679
2017-06-01,13.0,6.7101275076046045,3.4366466113596603,9.885454361309261
2017-07-01,4.0,6.296827795109093,2.881399240060969,9.627379700298366
2017-08-01,10.0,6.348157011899971,2.940598271594361,9.55983764294736
2017-09-01,6.0,6.308778639347759,3.0001708431137106,9.509739406290723
2017-10-01,9.0,6.825061955510339,3.4175754459852303,9.942176096080908
2017-11-01,8.0,5.773438073793034,2.440682658747543,9.017646648389976
2017-12-01,11.0,7.488908305436386,4.308455961770046,10.58102377861598
2018-01-01,13.0,6.986179844515834,3.6109791868039443,10.177099190935104
2018-02-01,8.0,6.059811676896768,2.953640420394592,9.274916547986273
2018-03-01,10.0,6.240865397858212,2.9382347765970436,9.420016641595653
2018-04-01,10.0,6.800030350588545,3.8013330058094765,9.908448969923997
2018-05-01,7.0,6.0536461025782025,2.7383530431576584,9.299834946436416
2018-06-01,8.0,6.956631416720342,3.8826015470357516,10.10425320453004
2018-07-01,9.0,6.277510943325425,2.9238080106211575,9.560784384116248
2018-08-01,5.0,6.477778547005565,3.444114337459161,9.580100590982646
2018-09-01,8.0,6.636439365013938,3.10603453952107,9.828011593609927
2018-10-01,11.0,6.900937252473627,3.777049478571543,10.112930831237673
2018-11-01,13.0,6.193996438491016,3.0917726384783055,9.514267526343147
2018-12-01,15.0,8.042681086940691,4.685896835818443,11.357332517401726
2019-01-01,10.0,7.171062456349666,3.982807916760932,10.272002036098996
2019-02-01,4.0,5.970913513514663,2.565104570829466,9.004401141140844
2019-03-01,9.0,6.244481718709163,3.1676759088601805,9.49620832803148
2019-04-01,7.0,7.46365861340805,3.9396627390678414,10.433775370434368
2019-05-01,9.0,6.497233784478141,3.097407261294877,9.557115891233872
2019-06-01,7.0,7.1937526179067355,4.080404061281467,10.53740114831386
2019-07-01,11.0,6.255556439001164,3.189172616044195,9.418543667747116
2019-08-01,11.0,6.611717294197501,3.5589545149713198,9.787511758317914
2019-09-01,7.0,6.966245800230906,3.790290720629144,9.925552692019451
2019-10-01,6.0,6.980767857773948,3.8938576952255155,10.140186454334222
2019-11-01,12.0,6.620988312534346,3.3364645943213422,10.013890080376756
2019-12-01,16.0,8.590145008889442,5.334522633459874,11.666303058310705
2020-01-01,8.0,7.344242871982034,4.180490865950816,10.443060267575623
2020-02-01,9.0,5.87845103386022,2.6336742402387503,9.437285564071669
2020-03-01,8.0,7.22857142747898,4.105450506771706,10.485561545854317
2020-04-01,5.0,6.456225628725478,3.2318456735697283,9.646505626668375
2020-05-01,9.0,6.107213461222045,2.9779898870895547,9.294431277207151
2020-06-01,7.0,7.41228517802442,4.1811358930308975,10.433792297948491
2020-07-01,14.0,7.271176582938326,3.9031938247996307,10.32305379421978
2020-08-01,3.0,7.180673509344425,3.74817045838602,10.506732977770527
2020-09-01,,6.94129881819993,3.6409642916287837,9.899216597008376
2020-10-01,,7.711063755169745,4.667569198936629,10.918616440614837
2020-11-01,,6.317616920933311,2.944528222901053,9.427421206898627
2020-12-01,,7.8872613493222925,4.634634246323369,11.089378472082963
2021-01-01,,7.7475279679565965,4.579951554109178,11.0804895476941
2021-02-01,,7.102670656360541,3.8671788226113204,10.150408218983126
2021-03-01,,7.207659256453193,4.004656964373404,10.293710420086034
2021-04-01,,7.102740114185351,3.912020703957648,10.531430305463017
2021-05-01,,6.562194262440249,3.3824317912598727,9.690338445028058
2021-06-01,,7.668149600271466,4.498080198983494,10.85704119565364
2021-07-01,,7.254849887780146,4.1231719614918445,10.771188170117355
2021-08-01,,7.3061791045667634,4.166999615841443,10.478575908208665
2021-09-01,,7.266800732016258,4.176484063539367,10.512428744071801
2021-10-01,,7.783084048178592,4.456690923469767,10.992822264394869
2021-11-01,,6.731460166462502,3.5031714368553386,10.027478623686061
2021-12-01,,8.446930398105563,5.2557542267611606,11.733973602227374
2022-01-01,,7.944201937183659,4.733633532928176,10.7060220757342
2022-02-01,,7.017833769566545,3.7534583458014077,10.161978564841007
2022-03-01,,7.198887490527192,3.980284389327469,10.374011685270274
2022-04-01,,7.7580524432564175,4.7034536093870605,11.053656215843843
2022-05-01,,7.011668195245195,3.855306093913182,10.316028852286095
2022-06-01,,7.914653509389359,4.835277342866655,11.02478595409232
2022-07-01,,7.235533035994133,3.8175821163414265,10.3422789502825
2022-08-01,,7.435800639676164,4.566256261911448,10.731239389475245
2022-09-01,,7.594461457681474,4.393157323219284,10.744093480064162
2022-10-01,,7.858959345143388,4.678769977065132,11.040242526785137
2022-11-01,,7.15201853115857,3.8967978691170253,10.333595683616979
2022-12-01,,9.000703179607719,5.763668000127515,12.334808670075711
2023-01-01,,8.129084549017112,5.012911350762808,11.115408775127344
2023-02-01,,6.928935606179247,3.6077036631646173,10.29686258702277
2023-03-01,,7.202503811376792,3.9371255458668024,10.512837740977364
2023-04-01,,8.421680706075097,5.090828591063124,11.637844049902037
2023-05-01,,7.4552558771460316,4.400655310103387,10.725347444421638
2023-06-01,,8.15177471057429,4.830041971823664,11.280938904511817
2023-07-01,,7.213578531668262,3.922094072470813,10.331198351380552
2023-08-01,,7.569739386867484,4.315686902469085,10.665630357673601
2023-09-01,,7.9242678928982055,4.760305132455286,10.664251638959096
2023-10-01,,7.93878995044307,4.649708955916646,11.184529381583959
2023-11-01,,7.579010405201126,4.453244547248227,10.782586035149489
2023-12-01,,9.548167101555784,6.64680664784992,13.025282397864766
2024-01-01,,8.302264964651396,5.26806558072365,11.822922135101983
2024-02-01,,6.836473126526689,3.49578985179629,9.915679295681883
2024-03-01,,8.18659352015019,4.9923916920796145,11.542705245431316
2024-04-01,,7.41424772139231,4.097086960588033,10.502941910439304
2024-05-01,,7.065235553887753,3.9808011215274477,10.248157380745308
2024-06-01,,8.370307270692917,5.2802471994707165,11.641415248332281
2024-07-01,,8.229198675609394,5.267295047362676,11.526405979477074
2024-08-01,,8.13869560201092,5.070553232788667,11.264797221067623
2024-09-01,,7.899320910866959,4.8598428824531945,11.307968190479825
2024-10-01,,8.669085847840357,5.525256920636396,11.861952926441088
2024-11-01,,7.275639013597486,4.021520444895276,10.48137374462927
2024-12-01,,8.845283441987792,5.428450401802236,12.15527433630183
2025-01-01,,8.70555006062526,5.330047378901037,11.872388384182297
2025-02-01,,8.060692749029101,5.022189999443502,11.14382290364541
2025-03-01,,8.165681349120186,4.890535780332158,11.503476856132995
2025-04-01,,8.060762206853532,5.046528627522716,11.256694485048111
2025-05-01,,7.520216355109035,4.459177622567633,10.66995927925975
2025-06-01,,8.626171692940105,5.627522523741009,11.915375518211611
2025-07-01,,8.21287198044621,4.804526357806021,11.269826590169506
2025-08-01,,8.264201197237984,5.040925161402646,11.390246904934385
2025-09-01,,8.22482282468519,5.104410839960034,11.444056679177972
2025-10-01,,8.741106140847885,5.264150363906104,11.936268334680793
2025-11-01,,7.6894822591294245,4.537758038000593,10.782662257443612
2025-12-01,,9.404952490772718,6.071013447359384,12.735435528896646
2026-01-01,,8.90222402985154,5.851850177105931,12.064078864619004
2026-02-01,,7.975855862232811,4.594581746892714,11.203108105570806
2026-03-01,,8.156909583194787,4.969607094274494,11.320262656939533
2026-04-01,,8.716074535924644,5.2657778934915696,11.663090122551184
2026-05-01,,7.969690287914651,4.667598452221579,10.848631926921849
2026-06-01,,8.87267560205612,5.677190439589166,12.162341559263739
2026-07-01,,8.193555128662105,4.922144050686604,11.464916541655947
2026-08-01,,8.3938227323408,5.146265855123982,11.35131405985349
2026-09-01,,8.552483550349816,5.204288734274942,11.877046999844978
2026-10-01,,8.816981437810652,5.4409999682904,11.903328510635419
2026-11-01,,8.110040623826869,5.118822944752628,11.172692922915068
2026-12-01,,9.958725272277185,6.686192704457726,13.213170452099016
2027-01-01,,9.087106641686379,5.718665050431175,12.054697105429959
2027-02-01,,7.886957698852735,4.508856298745572,10.963551634783139
2027-03-01,,8.160525904042496,4.713044710269526,11.215413753523354
2027-04-01,,9.379702798743683,6.159491867917889,12.616676385981979
2027-05-01,,8.413277969814468,5.289418983991912,11.829976538333275
2027-06-01,,9.109796803243839,6.092236439256271,12.164436194788596
2027-07-01,,8.171600624336337,5.115306192408785,11.254554380498794
2027-08-01,,8.527761479532128,5.353529920188348,11.487113097417
2027-09-01,,8.882289985566493,5.684675789699897,11.96573483106562
2027-10-01,,8.896812043112176,5.652645271746981,11.964390513167444
2027-11-01,,8.537032497871074,5.163300167628253,11.998537918331456
2027-12-01,,10.506189194226154,7.334747318760005,13.97168879267968
2028-01-01,,9.260287057318122,5.963424100342178,12.379174834789719
2028-02-01,,7.794495219195536,4.397975388336176,11.144377845921923
2028-03-01,,9.14461561281604,5.875651970975277,12.311408019516987
2028-04-01,,8.372269814061465,4.98453560536288,11.524135643212231
2028-05-01,,8.023257646557994,4.848520290501261,11.301565177951689
2028-06-01,,9.32832936336265,6.3008471745656704,12.646367759210104
2028-07-01,,9.187220768276811,5.842949552984318,12.490173711708044
2028-08-01,,9.096717694680054,5.980041233863082,12.395331680370461
2028-09-01,,8.857343003535497,5.448688734827719,12.055022423335714
2028-10-01,,9.627107940508093,5.982834908093061,13.014197868835392
2028-11-01,,8.233661106268968,5.026502683514887,11.452984665984602
2028-12-01,,9.803305534655905,6.531966260601402,13.256992565214716
2029-01-01,,9.663572153293666,6.614301838474994,12.790318994515173
2029-02-01,,9.018714841696308,5.966121748393741,12.156981470487354
2029-03-01,,9.123703441791662,6.080889527904752,12.560413389068652
2029-04-01,,9.018784299519869,5.68411752772962,12.011966806977624
2029-05-01,,8.47823844777924,5.4080688220813,11.849913774565463
2029-06-01,,9.584193785610132,6.387803917023731,12.900441150590835
2029-07-01,,9.170894073116171,5.89173749124448,12.286502952741515
2029-08-01,,9.222223289906216,5.862969712835851,12.705936802676751
2029-09-01,,9.182844917352202,5.754981008576398,12.289084654910118
2029-10-01,,9.699128233514589,6.2883389978950355,12.643540697557334
2029-11-01,,8.647504351798494,5.275960440517295,12.017385779884357
2029-12-01,,10.362974583436754,7.122298829275095,13.646763563750532
2030-01-01,,9.860246122519868,6.579339509295683,12.961245910471202
2030-02-01,,8.933877954898152,5.942917336905057,12.302941039531271
2030-03-01,,9.114931675862627,5.770614016771968,12.326604607787651
2030-04-01,,9.674096628595166,6.640427531522583,12.954431498834904
2030-05-01,,8.927712380580966,5.689451462163709,12.123737498047014
2030-06-01,,9.830697694726485,6.561720734010056,13.054877647352933
2030-07-01,,9.151577221328905,5.778673979698663,12.46167621363421
2030-08-01,,9.351844825012785,6.190508162511314,12.561753188947279
2030-09-01,,9.510505643018858,6.231541048327552,12.732209072260071
2030-10-01,,9.775003530480937,6.639090538890852,13.013229441294804
2030-11-01,,9.068062716495847,5.864271814904392,12.109164360347274
2030-12-01,,10.916747364945358,7.712357876987909,13.947914267341204
